Jobid,BT,Resources,ArrivalTime,Priority,TimeQuantum
1,122,2,170,6,121
2,455,5,3,4,156
3,368,5,0,6,162
4,290,8,70,4,40
5,126,6,177,6,71
6,91,8,188,1,182
7,208,2,34,6,116
8,40,3,7,6,70
9,122,6,151,3,102
10,141,3,35,6,74
11,486,6,177,3,96
12,234,6,122,2,146
13,350,2,42,5,191
14,478,7,26,6,112
15,107,2,31,2,107
16,392,6,77,7,99
17,119,1,120,7,172
18,379,3,145,3,111
19,171,2,155,6,66
20,150,7,156,6,57
21,169,4,15,1,158
22,328,8,98,2,34
23,277,6,46,4,20
24,363,4,186,4,154
25,433,5,30,1,20
26,313,9,3,3,68
27,405,7,164,4,115
28,211,9,16,4,176
29,463,7,38,7,45
30,296,1,47,7,106
31,180,8,173,5,192
32,479,4,175,2,112
33,333,3,38,3,121
34,41,7,131,6,90
35,272,3,29,2,159
36,255,8,157,3,114
37,364,6,21,4,179
38,68,5,65,5,137
39,494,4,107,2,167
40,78,8,11,4,138
41,189,8,35,3,70
42,495,1,17,2,100
43,207,9,89,6,55
44,483,5,180,2,86
45,290,4,198,4,148
46,209,6,0,2,133
47,465,6,126,6,174
48,194,2,185,5,130
49,465,8,89,5,187
50,70,7,86,4,161
51,383,1,89,3,119
52,74,5,133,4,128
53,263,6,69,5,139
54,339,4,43,1,98
55,150,2,199,1,153
56,326,4,151,2,180
57,154,1,85,6,38
58,40,7,18,7,146
59,348,2,100,7,48
60,186,2,145,7,43
61,293,9,94,2,170
62,407,5,100,1,29
63,108,2,29,5,124
64,335,9,169,2,188
65,33,9,32,7,196
66,261,1,11,7,164
67,284,3,117,4,192
68,365,4,93,7,177
69,72,7,154,6,191
70,405,4,166,7,74
71,359,2,136,4,166
72,111,7,148,7,176
73,386,6,75,6,21
74,463,3,28,5,183
75,474,6,160,2,166
76,447,6,189,6,154
77,283,5,116,4,173
78,450,4,14,2,130
79,54,1,1,2,57
80,225,6,179,4,150
81,100,2,116,1,121
82,439,3,171,7,114
83,69,8,181,6,111
84,379,6,17,4,90
85,407,3,2,5,190
86,21,7,134,3,43
87,409,4,170,4,186
88,73,9,165,7,87
89,125,5,164,7,147
90,279,3,185,2,112
91,329,2,160,2,63
92,496,2,107,4,152
93,210,3,186,3,74
94,421,2,94,4,177
95,237,4,121,3,48
96,63,2,10,3,173
97,181,9,67,7,173
98,221,2,122,7,56
99,465,9,195,7,134
100,289,6,112,5,177
101,370,1,97,7,22
102,323,4,92,6,141
103,290,1,21,2,62
104,475,6,193,2,26
105,481,4,171,3,144
106,234,3,126,2,68
107,271,3,133,1,140
108,209,9,169,3,92
109,315,6,24,2,60
110,232,9,184,1,125
111,227,5,84,5,96
112,256,2,54,2,146
113,357,8,143,1,110
114,386,5,94,4,174
115,72,2,141,6,27
116,299,4,166,4,51
117,429,9,155,1,83
118,236,4,178,3,157
119,271,4,118,7,32
120,207,2,176,7,112
121,399,6,8,7,182
122,60,2,185,3,80
123,176,7,172,2,27
124,34,3,149,7,48
125,320,3,159,4,114
126,84,5,196,3,60
127,364,3,196,3,177
128,346,2,41,7,168
129,28,9,52,4,30
130,363,2,186,5,21
131,148,2,73,3,197
132,155,8,38,7,188
133,491,9,121,6,150
134,82,7,14,1,99
135,158,3,198,2,198
136,100,9,156,3,106
137,411,3,122,6,172
138,182,5,110,6,177
139,438,9,130,3,125
140,308,3,82,5,158
141,398,7,9,1,36
142,280,1,91,2,173
143,250,4,28,3,42
144,60,4,34,2,199
145,47,7,5,4,67
146,154,8,139,6,39
147,220,1,110,6,21
148,347,5,37,3,107
149,287,7,76,3,50
150,437,4,92,4,174
151,52,4,146,5,149
152,67,4,66,3,97
153,426,6,135,6,23
154,81,7,7,2,160
155,235,2,121,1,182
156,312,5,83,7,147
157,118,4,174,2,153
158,191,3,131,5,50
159,379,7,178,1,157
160,233,6,84,2,40
161,494,7,194,2,42
162,54,5,44,4,150
163,468,6,135,7,179
164,246,5,86,5,167
165,120,7,15,6,48
166,450,2,76,4,124
167,481,5,194,1,71
168,150,6,8,7,134
169,276,6,59,6,193
170,24,5,77,4,181
171,237,7,76,7,120
172,274,8,70,5,103
173,417,7,14,3,80
174,378,5,70,3,144
175,302,1,101,1,90
176,412,5,168,3,89
177,226,2,21,4,158
178,34,5,151,1,127
179,365,5,112,6,40
180,61,2,171,5,150
181,399,5,0,1,101
182,480,4,9,6,107
183,198,1,109,1,130
184,82,3,199,2,29
185,371,1,183,2,174
186,250,5,112,1,31
187,260,4,49,7,26
188,71,7,11,3,164
189,115,5,88,2,133
190,407,4,187,7,45
191,241,2,153,7,34
192,426,4,111,5,52
193,250,2,77,6,81
194,256,8,168,4,66
195,162,3,163,2,114
196,190,9,120,1,54
197,48,4,22,3,95
198,55,6,170,4,142
199,32,5,133,6,102
200,179,1,196,7,44
201,346,9,170,6,76
202,206,1,24,2,51
203,262,8,17,6,82
204,105,9,189,6,31
205,303,9,140,3,82
206,85,1,42,7,96
207,189,2,77,3,111
208,64,1,27,3,20
209,81,2,145,1,198
210,460,8,58,6,89
211,153,5,187,6,155
212,303,7,62,6,152
213,47,2,184,5,105
214,127,8,91,3,58
215,63,6,178,4,42
216,359,8,55,2,87
217,305,1,154,7,199
218,465,1,159,4,23
219,350,7,110,7,145
220,147,8,136,1,194
221,367,3,67,1,40
222,492,5,45,7,124
223,250,1,66,6,85
224,209,7,153,4,26
225,244,5,135,6,68
226,404,8,5,5,35
227,396,8,23,1,164
228,302,9,175,1,103
229,465,7,93,4,106
230,140,1,172,1,117
231,135,3,12,5,94
232,480,8,196,5,53
233,252,3,24,5,180
234,278,8,147,2,45
235,378,1,117,5,85
236,217,5,81,5,144
237,475,4,110,2,82
238,430,5,81,6,106
239,156,8,65,3,60
240,337,4,44,1,117
241,184,4,113,5,143
242,244,3,174,1,98
243,326,7,62,4,29
244,253,3,75,1,34
245,191,3,113,7,61
246,171,5,110,6,112
247,482,5,182,2,36
248,334,6,146,1,28
249,393,8,34,1,133
250,179,6,52,1,55
251,115,1,25,3,55
252,491,8,13,3,67
253,252,8,117,4,70
254,199,9,44,2,116
255,132,9,171,1,138
256,337,2,192,1,114
257,461,2,50,1,89
258,71,3,170,1,93
259,287,1,118,3,99
260,314,4,150,6,87
261,405,4,183,6,169
262,406,9,18,4,96
263,132,9,81,7,135
264,120,9,75,5,25
265,132,7,182,2,173
266,459,2,91,6,94
267,100,5,187,7,107
268,206,4,186,1,22
269,132,8,32,6,71
270,21,2,146,4,93
271,149,6,27,5,144
272,239,5,122,6,84
273,73,2,179,4,71
274,362,1,125,3,95
275,243,8,176,5,161
276,244,2,36,4,108
277,404,7,153,7,91
278,422,9,98,6,87
279,145,9,97,3,175
280,149,8,126,7,157
281,72,9,167,4,134
282,191,2,79,4,76
283,237,6,37,7,85
284,179,4,76,6,109
285,217,4,125,5,69
286,435,5,86,3,33
287,266,3,53,1,35
288,343,1,149,2,190
289,458,8,15,5,61
290,222,5,27,3,129
291,203,3,162,7,41
292,142,7,187,4,87
293,420,7,172,7,38
294,274,1,45,3,85
295,313,9,71,7,186
296,299,2,182,7,92
297,344,5,84,2,166
298,391,5,25,6,163
299,117,8,84,2,73
300,217,8,152,1,172
301,489,7,64,1,131
302,414,7,133,2,37
303,259,6,150,5,170
304,163,6,114,5,136
305,116,9,63,7,104
306,220,6,86,7,158
307,143,2,170,4,58
308,206,2,106,1,124
309,345,5,150,4,87
310,483,4,95,1,44
311,368,2,157,2,177
312,278,3,76,5,192
313,167,7,145,7,142
314,271,8,86,5,140
315,462,6,148,2,80
316,439,5,56,4,119
317,422,1,102,4,70
318,365,8,150,3,117
319,470,3,90,7,156
320,166,6,44,7,21
321,167,3,171,7,24
322,371,7,87,1,199
323,218,7,114,4,105
324,327,9,46,2,152
325,436,5,167,4,87
326,443,8,178,5,28
327,147,8,169,1,112
328,58,1,134,7,169
329,357,5,49,6,174
330,379,3,175,3,157
331,148,1,83,1,144
332,286,4,90,5,80
333,495,8,133,7,70
334,460,3,90,5,29
335,492,2,136,5,153
336,453,9,108,7,81
337,170,5,56,5,132
338,434,7,30,2,152
339,497,2,20,3,141
340,317,9,89,6,142
341,118,9,39,5,82
342,282,4,111,5,130
343,271,4,44,4,108
344,163,6,76,3,70
345,365,6,176,1,197
346,131,1,86,3,151
347,79,9,147,3,123
348,388,2,100,7,142
349,21,5,116,7,67
350,404,9,91,7,51
351,323,4,144,6,139
352,273,3,27,3,198
353,159,7,168,6,199
354,472,6,193,5,118
355,56,8,24,7,93
356,179,3,57,5,53
357,28,5,40,7,183
358,252,4,133,2,89
359,118,4,74,6,190
360,166,4,37,6,129
361,323,8,133,1,35
362,227,6,172,4,78
363,150,3,74,3,38
364,423,5,141,1,114
365,171,6,65,6,132
366,73,5,167,1,60
367,139,6,2,2,100
368,180,8,116,4,194
369,427,7,98,6,122
370,135,5,151,6,73
371,94,6,18,3,114
372,132,4,145,7,166
373,475,9,191,4,81
374,439,4,115,2,118
375,441,1,124,5,112
376,123,7,87,1,84
377,359,7,34,3,87
378,273,4,189,6,47
379,246,3,0,5,37
380,131,8,152,2,45
381,492,5,172,4,123
382,118,7,176,1,166
383,172,4,125,3,74
384,368,4,88,6,138
385,421,8,143,6,143
386,403,8,146,5,153
387,385,2,150,5,148
388,357,2,24,1,27
389,213,3,15,4,70
390,329,3,181,2,104
391,182,1,72,7,44
392,227,3,128,4,194
393,464,6,41,4,102
394,188,8,146,4,112
395,180,6,161,7,136
396,87,5,79,1,157
397,308,4,103,7,75
398,417,3,182,1,31
399,296,4,145,7,180
400,323,7,33,2,139
401,423,1,88,4,90
402,403,7,124,1,36
403,411,1,44,7,141
404,154,2,133,2,143
405,214,4,20,7,29
406,420,1,121,6,50
407,147,9,69,2,79
408,52,6,95,4,89
409,195,1,104,3,36
410,479,1,47,4,69
411,462,6,38,3,56
412,390,4,30,2,137
413,489,4,9,6,176
414,394,6,29,6,179
415,41,7,17,1,99
416,257,9,187,6,30
417,177,5,87,5,153
418,57,9,124,2,142
419,249,4,72,1,54
420,384,2,14,6,52
421,70,3,3,2,37
422,457,1,190,4,184
423,283,6,167,6,32
424,302,6,8,7,109
425,46,1,108,3,129
426,245,3,136,2,20
427,296,5,153,1,82
428,305,3,131,4,53
429,116,3,15,5,122
430,303,3,142,4,29
431,386,5,98,6,147
432,467,5,120,3,26
433,472,4,51,4,75
434,336,1,68,5,99
435,323,5,4,7,184
436,166,5,19,1,176
437,23,4,78,2,31
438,54,6,145,3,164
439,211,4,110,5,67
440,68,7,1,6,45
441,36,7,92,6,131
442,191,2,12,6,141
443,239,3,3,3,31
444,177,1,169,4,168
445,496,8,108,3,61
446,65,9,73,6,80
447,392,4,188,7,77
448,25,6,94,5,53
449,118,9,104,2,26
450,399,6,7,2,128
451,252,9,66,3,54
452,56,4,190,6,34
453,299,8,109,1,44
454,368,9,8,7,78
455,321,4,116,3,98
456,200,5,10,6,105
457,114,8,98,4,153
458,118,6,41,2,199
459,207,7,140,2,107
460,135,3,163,7,168
461,210,7,119,2,90
462,272,8,140,1,140
463,488,6,11,6,112
464,435,9,36,6,115
465,490,6,73,7,51
466,180,9,72,6,72
467,275,4,51,7,78
468,342,8,198,6,88
469,147,4,129,1,151
470,37,2,55,5,105
471,300,9,59,3,37
472,242,5,22,3,100
473,73,4,102,6,133
474,77,2,39,4,43
475,342,1,63,2,85
476,379,7,84,1,160
477,193,6,150,4,81
478,299,2,156,4,73
479,133,8,178,6,162
480,307,4,196,1,150
481,450,8,88,3,56
482,361,7,30,2,56
483,170,5,177,3,150
484,469,8,19,4,54
485,146,9,182,2,199
486,174,5,129,5,143
487,405,5,152,4,175
488,493,2,12,3,37
489,292,5,121,3,141
490,123,3,102,6,183
491,436,7,105,3,180
492,412,5,118,1,173
493,318,8,69,4,67
494,265,1,194,7,187
495,195,3,185,7,36
496,58,3,98,2,187
497,496,9,81,3,154
498,189,5,74,6,76
499,266,9,117,6,27
500,45,9,83,3,147
501,374,1,191,1,136
502,325,2,68,6,75
503,428,5,58,7,145
504,427,4,187,2,178
505,32,9,125,4,78
506,335,7,110,5,77
507,410,6,61,1,159
508,332,7,143,6,195
509,55,1,127,4,178
510,192,1,104,5,127
511,39,8,67,3,93
512,340,2,14,3,186
513,283,9,182,2,167
514,419,7,34,5,120
515,161,6,182,3,67
516,479,1,13,3,90
517,390,1,176,7,135
518,490,2,101,6,141
519,162,6,99,2,97
520,111,6,6,4,48
521,373,2,29,3,112
522,341,1,48,7,92
523,307,5,143,1,119
524,234,5,110,1,195
525,466,2,178,4,93
526,361,6,71,5,114
527,70,9,79,2,36
528,172,2,82,7,156
529,205,2,41,6,116
530,82,3,16,7,181
531,209,7,190,1,192
532,144,6,172,1,28
533,169,8,6,4,154
534,333,8,154,5,163
535,77,6,9,5,38
536,361,3,33,4,153
537,324,3,35,7,133
538,199,1,152,1,158
539,189,7,5,7,144
540,345,5,151,7,80
541,290,4,145,2,61
542,73,4,133,1,32
543,463,4,28,5,159
544,120,6,125,6,104
545,283,8,152,7,39
546,72,8,182,1,69
547,79,5,80,7,183
548,127,6,173,2,111
549,24,4,151,3,107
550,122,9,74,1,88
551,215,8,25,4,56
552,281,1,126,3,159
553,384,2,114,7,118
554,499,9,125,4,144
555,391,8,27,4,187
556,369,3,130,4,73
557,66,8,74,1,149
558,374,1,165,5,197
559,330,4,188,7,60
560,443,3,77,3,64
561,327,6,178,2,122
562,163,7,89,5,125
563,288,4,175,7,156
564,389,7,20,1,147
565,143,9,53,4,105
566,125,2,183,2,66
567,177,3,102,7,24
568,166,5,58,3,20
569,164,3,71,7,63
570,139,8,178,5,169
571,338,8,19,6,57
572,294,8,111,5,38
573,111,9,58,7,178
574,77,4,70,2,134
575,458,5,136,7,106
576,365,5,108,7,189
577,248,8,128,1,142
578,493,7,156,3,101
579,136,9,190,2,173
580,337,8,199,7,160
581,298,2,55,4,77
582,146,4,195,3,165
583,412,6,34,5,86
584,415,2,122,2,141
585,148,7,130,5,106
586,77,3,103,7,150
587,141,3,6,5,74
588,20,2,26,5,108
589,258,8,0,1,77
590,309,6,198,5,82
591,115,1,171,4,110
592,145,1,86,4,71
593,137,7,40,3,145
594,67,8,122,7,43
595,108,5,74,6,91
596,256,5,41,5,28
597,392,4,116,5,129
598,404,6,160,2,184
599,291,6,177,1,113
600,208,3,62,6,136
601,211,9,164,3,102
602,466,7,186,6,99
603,88,1,126,5,171
604,297,7,175,2,168
605,368,5,132,7,119
606,266,5,47,1,59
607,470,2,2,7,122
608,95,4,115,3,81
609,173,6,174,6,88
610,163,7,189,3,161
611,454,5,98,5,128
612,105,9,115,3,189
613,204,3,13,7,197
614,304,1,190,2,23
615,481,4,111,3,91
616,239,9,60,4,36
617,88,4,158,2,133
618,66,2,94,6,104
619,113,5,16,1,76
620,257,3,123,1,126
621,465,9,23,5,67
622,472,4,115,5,191
623,223,6,150,4,192
624,419,2,81,6,136
625,237,6,49,7,180
626,493,3,78,1,50
627,451,9,78,1,131
628,360,2,69,1,66
629,58,9,26,7,153
630,119,5,14,1,127
631,308,8,49,3,91
632,273,2,35,6,90
633,241,6,7,2,181
634,376,3,78,2,127
635,42,5,130,4,72
636,269,8,189,3,161
637,29,1,46,1,35
638,265,5,104,1,190
639,344,3,97,5,135
640,119,4,95,5,92
641,309,2,188,4,93
642,199,9,159,1,100
643,242,3,115,4,31
644,413,2,12,3,147
645,269,9,0,2,89
646,166,7,33,1,166
647,461,6,189,6,60
648,115,1,78,7,176
649,276,5,77,3,78
650,344,3,120,1,108
651,23,1,92,7,43
652,35,4,97,6,163
653,299,2,81,5,199
654,355,2,198,4,99
655,266,3,158,5,153
656,277,8,191,2,184
657,495,8,152,5,151
658,403,7,37,1,111
659,179,6,13,6,185
660,494,9,135,5,188
661,359,4,90,1,111
662,171,1,53,2,100
663,415,8,129,7,161
664,197,7,100,6,90
665,182,7,88,5,198
666,399,3,55,4,84
667,52,4,93,4,71
668,436,9,92,6,49
669,464,6,83,4,118
670,198,5,84,5,177
671,446,3,188,5,117
672,120,9,21,6,61
673,287,5,34,5,158
674,342,5,15,7,46
675,84,4,49,1,171
676,436,4,121,2,186
677,187,1,127,7,91
678,349,7,112,7,37
679,62,9,170,4,96
680,63,3,16,1,64
681,304,2,79,6,134
682,416,3,185,4,106
683,31,1,129,1,159
684,114,6,131,5,196
685,321,7,84,6,178
686,405,2,166,6,111
687,272,8,93,4,41
688,261,6,133,5,191
689,54,4,80,4,111
690,234,5,68,3,96
691,356,8,68,1,44
692,109,3,147,3,127
693,283,3,191,1,198
694,112,4,15,2,154
695,429,1,50,7,128
696,477,9,104,6,153
697,109,8,164,4,43
698,437,8,196,2,38
699,134,6,169,2,102
700,124,7,184,6,134
701,410,6,65,6,28
702,215,9,8,1,131
703,333,3,106,3,183
704,133,3,99,5,121
705,94,3,85,1,187
706,432,3,63,5,171
707,395,9,21,2,67
708,439,4,161,5,88
709,236,7,182,3,189
710,296,9,156,1,138
711,268,7,165,6,64
712,183,9,109,3,144
713,413,3,96,7,33
714,376,4,17,3,176
715,476,8,70,7,153
716,427,6,192,1,154
717,211,5,126,6,56
718,246,4,96,3,72
719,196,8,0,7,37
720,118,1,131,6,57
721,55,9,3,4,148
722,485,1,124,4,63
723,115,8,81,4,66
724,171,4,26,5,54
725,170,9,170,3,79
726,209,5,58,1,109
727,243,3,31,1,71
728,56,9,160,5,27
729,287,9,27,1,126
730,388,4,105,7,188
731,202,4,104,4,150
732,32,8,182,3,161
733,298,2,187,1,115
734,236,9,69,1,45
735,374,6,61,2,130
736,380,9,33,2,142
737,305,8,86,2,187
738,292,7,113,3,70
739,388,1,105,4,142
740,81,3,55,6,24
741,103,2,112,4,96
742,387,5,12,4,179
743,236,5,183,3,20
744,361,5,17,7,30
745,416,4,181,7,27
746,206,5,112,3,172
747,38,3,170,2,187
748,196,1,38,1,51
749,119,5,188,5,47
750,415,9,169,5,150
751,464,9,78,6,147
752,252,4,145,1,81
753,422,3,150,6,46
754,95,1,181,2,64
755,284,2,29,6,124
756,474,8,97,1,111
757,303,1,57,1,44
758,225,8,195,5,63
759,242,7,66,7,193
760,403,8,70,2,161
761,71,6,145,3,155
762,358,9,105,6,195
763,386,3,6,5,161
764,163,4,39,6,99
765,392,6,69,6,101
766,88,8,192,3,154
767,118,5,67,2,107
768,415,3,48,1,196
769,44,6,51,4,146
770,455,4,113,6,74
771,398,9,106,4,160
772,488,3,28,2,75
773,72,4,148,4,34
774,170,7,77,6,77
775,163,7,8,3,182
776,76,4,174,4,107
777,58,6,75,2,116
778,128,3,41,2,163
779,200,6,178,7,27
780,61,2,183,7,192
781,205,8,178,3,59
782,442,2,197,4,33
783,417,7,127,4,72
784,242,9,19,7,146
785,141,1,154,1,174
786,152,8,165,5,194
787,182,7,71,2,99
788,234,6,64,1,134
789,240,6,181,2,153
790,254,6,112,1,74
791,350,9,23,7,63
792,165,2,127,7,37
793,258,1,174,5,35
794,95,6,198,1,31
795,28,8,82,2,167
796,93,3,62,4,64
797,461,1,184,2,112
798,420,9,182,6,41
799,272,1,59,7,116
800,249,3,98,3,66
801,26,8,61,3,48
802,193,3,29,7,64
803,160,4,21,6,96
804,187,8,125,3,28
805,189,1,156,7,43
806,412,6,168,3,34
807,453,1,41,7,183
808,302,1,97,5,32
809,141,8,192,4,110
810,213,4,30,4,191
811,24,1,157,2,120
812,48,7,111,6,90
813,184,5,145,7,141
814,441,5,121,1,95
815,358,1,16,2,183
816,155,6,37,2,135
817,384,9,141,7,80
818,340,9,109,7,187
819,361,8,183,2,145
820,164,5,21,2,174
821,346,1,194,4,20
822,236,9,55,1,181
823,320,1,118,2,87
824,151,8,146,4,107
825,311,5,56,2,40
826,89,3,171,3,180
827,271,7,34,2,154
828,434,7,113,7,22
829,294,9,124,6,70
830,464,7,128,6,98
831,383,3,51,2,114
832,201,1,84,5,142
833,186,8,197,3,25
834,110,3,164,1,176
835,221,8,64,2,36
836,365,8,178,1,136
837,38,5,128,3,79
838,58,1,20,2,169
839,145,7,180,5,171
840,470,5,15,4,144
841,192,8,122,5,100
842,160,9,60,7,104
843,261,7,53,5,70
844,239,7,167,4,197
845,145,1,25,7,158
846,77,4,79,4,90
847,167,2,64,6,189
848,495,2,99,4,58
849,475,2,73,2,88
850,336,4,191,1,67
851,402,1,170,6,144
852,380,4,16,6,76
853,442,2,120,1,40
854,20,5,186,6,101
855,406,3,22,4,118
856,480,8,134,5,167
857,367,4,171,3,34
858,209,1,180,4,88
859,210,1,70,7,198
860,388,3,107,7,95
861,428,9,78,5,81
862,331,7,161,5,138
863,436,2,45,6,56
864,441,9,195,2,153
865,136,2,77,2,45
866,153,3,15,6,27
867,77,2,70,6,23
868,63,3,95,1,40
869,192,6,146,1,178
870,179,9,1,3,168
871,192,9,9,3,44
872,336,7,177,3,162
873,322,3,124,3,182
874,168,4,80,5,196
875,99,6,139,5,62
876,393,5,69,1,188
877,232,2,149,2,56
878,222,6,31,6,61
879,271,3,104,7,194
880,248,8,83,2,111
881,183,2,128,4,80
882,246,1,181,5,161
883,166,9,57,3,87
884,39,3,197,3,72
885,460,1,145,4,103
886,421,7,133,2,53
887,66,5,44,3,95
888,252,5,96,2,116
889,324,1,22,6,171
890,33,9,22,4,167
891,162,7,153,7,49
892,434,8,134,2,107
893,20,9,78,6,26
894,392,6,43,2,55
895,73,5,26,2,57
896,393,6,25,3,71
897,278,2,96,1,162
898,163,4,35,5,193
899,490,3,108,2,170
900,460,7,54,2,159
901,478,9,191,2,191
902,31,5,184,1,162
903,349,6,68,6,112
904,243,2,60,7,126
905,291,3,129,7,145
906,475,3,54,4,68
907,377,9,121,3,40
908,479,7,96,1,34
909,427,8,79,6,33
910,175,9,86,2,61
911,392,6,37,6,34
912,27,4,118,1,82
913,141,1,77,1,46
914,367,8,156,1,112
915,183,7,153,4,124
916,109,2,34,5,72
917,155,8,78,3,71
918,205,5,66,4,82
919,335,7,86,4,76
920,197,4,156,5,139
921,47,5,33,4,71
922,239,8,96,1,126
923,376,1,168,1,62
924,60,1,168,6,154
925,247,4,150,2,136
926,211,3,70,4,189
927,430,2,2,2,23
928,466,3,57,3,152
929,164,1,31,7,99
930,220,1,30,1,60
931,436,6,81,6,151
932,231,5,42,3,21
933,480,8,134,6,168
934,239,2,104,7,62
935,259,4,0,7,101
936,432,8,60,5,127
937,416,6,13,1,156
938,65,1,179,3,175
939,54,4,5,5,45
940,272,1,102,7,101
941,409,2,9,3,102
942,101,5,70,6,150
943,390,8,89,5,92
944,275,8,157,5,119
945,216,3,148,1,68
946,322,4,125,2,164
947,428,6,187,6,82
948,469,3,96,6,74
949,29,2,73,5,170
950,331,6,114,5,53
951,305,5,190,1,124
952,261,5,169,2,124
953,270,5,50,6,88
954,384,5,191,7,34
955,24,3,55,4,194
956,138,7,40,4,22
957,308,6,31,2,175
958,393,4,14,3,22
959,84,2,61,1,121
960,165,9,154,2,23
961,243,1,27,4,107
962,258,4,63,5,178
963,196,1,186,4,64
964,286,6,185,5,64
965,360,4,129,1,94
966,301,5,126,5,184
967,82,5,35,2,28
968,236,9,113,5,164
969,361,1,198,3,137
970,334,2,12,2,84
971,302,6,14,1,150
972,196,5,88,2,45
973,480,7,187,3,178
974,436,3,21,1,45
975,117,3,190,4,42
976,124,2,73,3,49
977,118,3,24,1,29
978,404,1,100,7,91
979,424,5,175,5,83
980,330,5,170,2,169
981,25,7,116,1,162
982,495,4,165,2,142
983,484,3,40,5,124
984,216,1,172,1,93
985,370,8,87,4,167
986,152,3,167,7,124
987,377,2,109,7,66
988,278,4,119,3,106
989,456,3,96,1,72
990,42,1,144,5,148
991,72,3,56,1,21
992,184,2,129,2,77
993,221,8,95,6,166
994,477,6,120,1,91
995,102,9,61,7,159
996,164,8,136,7,173
997,104,3,67,7,46
998,97,5,80,4,48
999,476,7,16,1,34
1000,385,5,116,3,193
1001,20,8,49,1,148
1002,70,5,111,6,79
1003,192,1,93,7,126
1004,224,5,167,2,22
1005,279,4,185,7,134
1006,465,6,84,1,165
1007,468,3,148,4,71
1008,388,5,145,5,79
1009,307,2,182,1,53
1010,53,6,156,1,115
1011,367,6,151,3,108
1012,114,5,73,4,79
1013,91,6,108,6,173
1014,58,7,144,5,38
1015,173,5,17,7,130
1016,269,1,41,2,41
1017,181,8,100,1,180
1018,457,4,44,6,185
1019,137,9,81,5,147
1020,278,6,16,2,54
1021,398,1,72,6,126
1022,325,3,13,4,147
1023,287,3,176,4,102
1024,468,4,156,5,157
1025,73,6,131,7,162
1026,255,7,81,2,158
1027,408,4,147,4,130
1028,497,6,119,5,109
1029,241,1,119,4,43
1030,270,8,46,4,96
1031,332,7,106,6,120
1032,420,9,107,6,151
1033,131,3,8,4,32
1034,274,2,78,3,117
1035,322,1,154,6,139
1036,426,3,14,2,56
1037,226,5,18,5,67
1038,248,2,89,5,20
1039,360,3,179,7,79
1040,417,4,25,2,159
1041,85,7,153,2,168
1042,94,3,153,2,158
1043,454,9,173,7,63
1044,122,8,91,2,134
1045,441,4,176,1,127
1046,211,1,81,7,63
1047,271,1,180,5,97
1048,245,1,130,1,181
1049,313,1,193,7,44
1050,325,8,41,4,151
1051,117,3,18,4,135
1052,357,6,16,5,138
1053,305,3,160,4,163
1054,354,5,75,2,29
1055,366,7,176,7,128
1056,454,2,183,1,54
1057,466,6,62,2,153
1058,327,6,130,4,38
1059,268,3,106,6,27
1060,185,6,48,1,29
1061,491,5,54,2,185
1062,354,2,153,7,48
1063,49,9,98,5,34
1064,266,8,199,2,106
1065,125,3,51,6,42
1066,70,8,99,4,65
1067,100,9,116,1,47
1068,152,3,117,5,45
1069,304,3,6,1,29
1070,407,2,45,5,194
1071,157,8,45,7,23
1072,203,1,99,1,74
1073,420,8,143,4,85
1074,349,7,151,7,86
1075,292,7,188,7,154
1076,359,3,53,5,74
1077,491,1,61,3,50
1078,88,4,128,1,93
1079,53,9,48,1,38
1080,281,5,24,2,175
1081,72,1,9,5,100
1082,469,5,117,6,175
1083,224,8,143,3,166
1084,145,8,185,4,106
1085,254,5,199,2,39
1086,62,9,156,3,32
1087,259,1,91,5,96
1088,478,4,133,3,62
1089,390,3,143,7,158
1090,130,2,147,1,195
1091,268,8,79,7,162
1092,170,7,70,1,164
1093,202,9,77,2,69
1094,355,2,42,5,47
1095,114,4,153,5,23
1096,478,6,89,3,41
1097,393,3,77,2,138
1098,419,8,198,5,120
1099,27,3,160,6,58
1100,407,2,25,6,53
1101,379,3,120,7,116
1102,407,6,44,1,63
1103,203,2,62,3,189
1104,300,8,194,4,59
1105,214,1,179,1,116
1106,371,7,67,2,159
1107,214,2,153,5,149
1108,174,6,1,1,175
1109,112,2,141,4,93
1110,179,2,107,4,105
1111,453,8,29,6,109
1112,80,2,48,2,86
1113,141,7,139,1,95
1114,70,3,43,3,111
1115,422,8,160,1,29
1116,296,7,12,6,105
1117,24,8,77,7,121
1118,485,7,125,4,127
1119,111,6,97,2,184
1120,189,7,25,2,110
1121,336,5,148,3,98
1122,41,7,155,2,105
1123,424,1,47,6,126
1124,345,1,167,6,187
1125,20,9,65,6,120
1126,152,5,86,2,127
1127,252,5,78,2,79
1128,31,3,22,6,67
1129,365,5,80,2,136
1130,65,3,47,2,125
1131,53,9,123,4,166
1132,452,9,129,1,52
1133,97,6,83,5,63
1134,237,1,19,2,184
1135,320,7,186,5,131
1136,430,7,45,7,108
1137,92,4,130,5,55
1138,301,8,182,4,100
1139,268,6,11,2,107
1140,66,4,39,6,168
1141,140,4,65,5,149
1142,233,2,99,2,50
1143,258,2,77,3,127
1144,75,4,15,7,49
1145,369,5,82,6,191
1146,126,8,161,3,31
1147,338,6,43,3,70
1148,67,4,133,5,140
1149,80,7,191,3,196
1150,356,8,99,4,171
1151,45,2,21,4,171
1152,311,7,17,5,158
1153,276,2,11,2,32
1154,27,2,179,1,110
1155,132,8,122,2,93
1156,374,2,116,2,39
1157,272,9,50,2,91
1158,199,1,70,2,92
1159,226,9,47,6,90
1160,322,1,18,1,97
1161,146,2,5,6,47
1162,75,6,83,3,149
1163,233,6,154,7,140
1164,33,1,52,2,62
1165,493,7,106,7,27
1166,47,8,100,4,32
1167,490,2,47,5,130
1168,97,8,134,5,54
1169,235,9,186,6,42
1170,405,6,68,6,65
1171,384,5,10,4,34
1172,173,9,142,2,149
1173,33,9,191,7,80
1174,206,1,130,7,134
1175,331,3,121,1,83
1176,390,9,68,3,71
1177,26,2,22,5,183
1178,22,4,180,3,88
1179,130,4,36,1,86
1180,426,2,8,6,194
1181,257,3,14,7,102
1182,382,3,130,5,21
1183,258,1,92,3,191
1184,293,6,197,6,97
1185,313,8,16,1,47
1186,246,3,153,3,73
1187,390,5,148,7,86
1188,34,1,71,2,183
1189,211,7,148,6,121
1190,492,1,120,1,139
1191,138,9,10,3,172
1192,47,8,165,7,67
1193,221,7,71,2,186
1194,58,7,105,2,66
1195,460,5,124,1,40
1196,292,5,34,4,177
1197,250,5,118,7,111
1198,105,1,13,7,178
1199,493,8,13,5,140
1200,145,1,9,1,135
1201,319,4,139,2,173
1202,44,9,37,2,169
1203,164,9,107,1,168
1204,32,5,118,4,20
1205,231,4,33,5,184
1206,44,3,168,3,96
1207,87,3,9,1,104
1208,413,5,121,5,65
1209,86,1,144,7,156
1210,252,5,144,5,164
1211,128,6,194,6,66
1212,165,7,189,2,78
1213,130,9,114,3,73
1214,247,3,0,1,105
1215,130,2,11,2,31
1216,489,3,102,6,25
1217,53,9,3,6,72
1218,130,7,169,2,163
1219,283,9,140,4,109
1220,443,2,97,5,24
1221,388,5,105,1,92
1222,255,4,84,1,193
1223,102,2,120,1,33
1224,61,9,131,2,191
1225,444,9,81,7,125
1226,120,6,196,4,71
1227,25,6,18,3,135
1228,199,8,129,6,45
1229,301,6,11,2,72
1230,339,1,80,7,128
1231,245,4,73,3,48
1232,462,7,97,6,38
1233,459,2,5,6,66
1234,334,9,135,4,155
1235,384,8,124,5,42
1236,473,8,50,1,136
1237,248,7,10,3,125
1238,396,4,190,2,182
1239,308,2,184,3,72
1240,456,3,126,5,115
1241,169,6,139,1,24
1242,296,5,72,3,35
1243,217,8,1,5,36
1244,89,6,7,2,179
1245,131,6,138,4,121
1246,23,1,123,7,199
1247,369,4,52,6,39
1248,350,5,9,2,131
1249,465,3,111,1,139
1250,337,9,7,6,130
1251,369,1,35,7,20
1252,114,6,105,2,77
1253,171,6,13,2,112
1254,330,5,181,2,191
1255,156,5,85,2,25
1256,266,5,148,6,127
1257,406,6,49,1,122
1258,262,8,166,7,69
1259,50,2,19,5,137
1260,59,6,86,3,129
1261,248,1,134,4,107
1262,55,4,136,7,39
1263,427,3,128,3,33
1264,242,9,153,3,152
1265,25,3,165,4,188
1266,341,6,37,7,59
1267,487,1,188,6,53
1268,239,6,43,1,143
1269,94,4,85,4,64
1270,23,8,43,1,99
1271,354,9,73,6,90
1272,153,4,118,3,174
1273,137,6,189,1,97
1274,388,1,121,6,97
1275,113,4,133,6,191
1276,454,7,144,5,52
1277,81,1,50,4,52
1278,460,8,37,5,63
1279,213,6,151,3,39
1280,354,5,50,4,130
1281,222,9,9,3,183
1282,411,2,119,5,26
1283,45,5,199,7,179
1284,454,6,148,6,186
1285,192,7,69,3,43
1286,319,5,84,4,89
1287,152,9,56,4,131
1288,345,1,125,3,123
1289,429,7,38,4,73
1290,137,7,32,6,57
1291,343,4,186,7,93
1292,294,9,17,6,99
1293,231,5,183,4,51
1294,244,4,56,3,64
1295,39,7,95,5,80
1296,132,4,47,4,72
1297,159,3,41,4,147
1298,66,9,26,4,198
1299,20,8,73,4,95
1300,109,1,109,3,46
1301,161,7,179,5,185
1302,339,9,169,5,81
1303,57,8,31,1,37
1304,312,8,25,4,146
1305,401,6,24,4,128
1306,158,4,74,1,122
1307,375,8,22,5,96
1308,352,3,56,2,136
1309,278,9,179,6,123
1310,180,2,125,2,177
1311,409,2,86,5,68
1312,197,7,30,7,188
1313,29,4,63,4,135
1314,280,8,198,2,160
1315,426,9,32,3,181
1316,157,7,1,3,119
1317,191,5,17,1,144
1318,405,8,174,5,44
1319,32,4,160,5,147
1320,187,2,83,2,119
1321,149,6,34,4,165
1322,103,9,178,5,24
1323,340,1,113,2,38
1324,338,7,145,2,189
1325,120,9,109,6,37
1326,348,9,87,6,140
1327,292,3,71,5,51
1328,284,5,124,2,168
1329,478,8,29,1,29
1330,418,8,171,1,56
1331,427,4,52,6,196
1332,57,1,137,5,105
1333,438,1,86,4,32
1334,113,4,179,7,164
1335,114,6,176,1,28
1336,324,8,138,1,107
1337,88,6,193,6,191
1338,337,9,185,6,65
1339,463,9,163,5,155
1340,255,2,160,6,138
1341,453,1,174,3,184
1342,353,2,12,7,38
1343,392,5,39,2,193
1344,395,4,88,1,113
1345,478,4,67,3,45
1346,156,9,41,4,65
1347,437,8,146,3,137
1348,95,6,93,5,65
1349,54,1,18,4,33
1350,20,2,185,4,104
1351,315,6,22,6,82
1352,339,2,53,3,91
1353,425,5,64,5,22
1354,79,5,139,1,47
1355,339,6,23,7,144
1356,368,6,33,6,176
1357,347,6,52,3,106
1358,286,2,135,1,165
1359,380,3,17,3,182
1360,248,6,56,6,96
1361,289,8,111,1,95
1362,335,1,4,6,194
1363,305,1,153,3,133
1364,310,2,157,4,152
1365,232,6,181,7,94
1366,184,9,12,2,78
1367,24,4,82,7,78
1368,358,3,28,4,66
1369,398,8,2,6,114
1370,97,9,89,7,160
1371,429,5,103,6,97
1372,81,9,122,6,132
1373,151,2,185,1,128
1374,108,3,75,5,125
1375,256,7,129,6,108
1376,61,7,107,7,52
1377,108,6,155,7,116
1378,421,6,81,7,98
1379,315,2,76,4,35
1380,347,6,1,2,63
1381,314,4,126,6,139
1382,123,3,134,6,153
1383,33,2,25,6,127
1384,307,1,87,1,162
1385,198,5,15,6,23
1386,144,2,150,4,75
1387,441,2,167,3,83
1388,372,7,187,5,181
1389,42,8,72,7,114
1390,82,8,31,6,75
1391,162,4,14,1,51
1392,172,1,140,4,135
1393,164,7,4,6,28
1394,244,1,73,1,124
1395,469,4,51,3,97
1396,481,8,76,2,180
1397,328,2,168,6,106
1398,123,6,180,4,40
1399,123,6,109,1,74
1400,454,9,177,1,95
1401,58,5,142,6,149
1402,454,4,105,1,160
1403,217,5,126,2,145
1404,153,5,6,1,151
1405,86,8,39,7,103
1406,410,8,155,5,197
1407,198,2,159,7,134
1408,475,7,98,5,67
1409,61,8,142,1,142
1410,467,6,84,6,97
1411,34,5,197,5,49
1412,130,9,64,4,48
1413,176,3,131,5,155
1414,308,4,10,7,159
1415,497,9,107,1,60
1416,250,6,25,6,45
1417,430,8,188,3,69
1418,439,7,164,6,21
1419,176,2,150,6,74
1420,57,3,84,6,123
1421,460,1,167,4,33
1422,116,9,150,2,153
1423,430,7,122,7,147
1424,458,1,143,1,123
1425,308,3,188,2,114
1426,273,4,67,3,100
1427,215,4,103,2,80
1428,105,5,79,1,31
1429,341,3,158,7,32
1430,29,3,52,7,166
1431,24,1,105,1,191
1432,142,7,152,3,108
1433,349,1,43,1,114
1434,372,2,139,3,78
1435,137,4,89,3,56
1436,313,4,100,1,44
1437,416,5,96,5,35
1438,178,2,8,7,185
1439,322,4,11,3,190
1440,247,1,68,1,106
1441,384,2,181,5,161
1442,235,1,181,7,153
1443,455,4,27,3,42
1444,203,4,55,7,145
1445,34,7,98,5,79
1446,176,9,196,7,159
1447,155,9,109,4,160
1448,280,5,76,6,119
1449,176,1,102,4,122
1450,66,1,105,5,153
1451,343,6,108,3,82
1452,351,2,111,1,57
1453,192,8,57,2,147
1454,149,9,77,1,69
1455,430,4,74,7,199
1456,114,5,41,2,59
1457,134,8,165,2,27
1458,262,3,67,7,27
1459,439,5,180,7,123
1460,311,3,32,3,53
1461,301,3,70,5,76
1462,318,3,55,1,193
1463,302,7,104,5,41
1464,88,7,199,4,106
1465,167,7,100,3,59
1466,30,8,50,3,192
1467,273,5,73,4,198
1468,349,5,170,1,105
1469,379,4,120,6,152
1470,57,7,142,4,114
1471,153,4,165,1,32
1472,219,2,142,2,47
1473,42,4,4,7,103
1474,322,8,82,3,81
1475,365,9,181,1,112
1476,321,3,50,5,106
1477,382,7,9,7,43
1478,415,9,139,5,117
1479,237,4,3,7,26
1480,160,3,94,3,185
1481,123,5,145,4,56
1482,465,1,79,6,87
1483,229,3,35,4,189
1484,492,8,24,1,105
1485,130,8,97,4,152
1486,123,4,163,3,197
1487,335,2,100,1,106
1488,190,8,194,2,34
1489,479,8,8,4,142
1490,375,4,60,4,126
1491,343,3,52,6,172
1492,152,2,145,1,108
1493,395,9,170,5,144
1494,312,1,162,4,132
1495,347,7,62,3,156
1496,146,5,120,4,185
1497,125,8,104,6,169
1498,111,4,3,2,126
1499,306,7,92,6,106
1500,397,5,168,4,196
1501,412,5,172,5,87
1502,70,9,177,7,34
1503,48,9,27,4,84
1504,481,9,169,1,73
1505,315,6,79,4,177
1506,316,6,75,5,112
1507,233,5,115,1,39
1508,286,9,68,3,52
1509,426,8,97,1,119
1510,276,7,0,6,96
1511,321,7,166,2,154
1512,120,6,95,6,155
1513,424,5,16,7,175
1514,365,4,111,1,192
1515,129,3,90,3,126
1516,439,3,87,4,139
1517,201,6,162,1,93
1518,490,4,173,6,30
1519,332,6,169,1,50
1520,20,3,166,1,31
1521,338,4,89,1,143
1522,457,9,48,3,97
1523,74,5,189,5,198
1524,390,7,37,5,191
1525,443,2,150,1,115
1526,418,5,149,3,69
1527,168,9,131,3,136
1528,450,3,176,7,36
1529,476,9,58,1,182
1530,328,6,67,6,148
1531,156,4,198,6,176
1532,221,7,129,2,198
1533,455,8,48,1,83
1534,332,6,125,2,151
1535,136,5,158,6,106
1536,173,6,110,6,175
1537,444,5,167,1,35
1538,310,8,47,2,82
1539,82,1,50,2,95
1540,263,7,42,1,104
1541,44,2,97,7,128
1542,109,9,182,2,36
1543,94,1,176,7,187
1544,313,6,123,4,160
1545,405,9,79,6,199
1546,410,1,184,5,77
1547,229,4,110,7,184
1548,494,4,142,7,98
1549,437,9,26,7,80
1550,366,5,195,3,132
1551,36,5,191,2,140
1552,147,6,157,2,53
1553,446,1,163,3,89
1554,462,1,194,2,36
1555,383,9,112,3,39
1556,270,3,85,7,78
1557,198,4,113,1,88
1558,201,1,123,4,180
1559,171,9,48,7,121
1560,44,8,75,4,139
1561,474,2,54,6,164
1562,199,8,55,7,76
1563,217,7,195,5,102
1564,363,6,94,2,148
1565,180,1,43,5,32
1566,196,7,158,1,174
1567,304,7,185,4,25
1568,82,9,86,7,116
1569,169,1,180,1,113
1570,173,2,83,1,129
1571,175,9,150,2,170
1572,389,9,155,1,157
1573,488,6,15,7,70
1574,68,6,164,7,166
1575,474,4,148,4,70
1576,356,4,144,7,106
1577,103,5,36,5,87
1578,380,3,76,4,103
1579,196,1,146,2,61
1580,167,1,157,4,76
1581,137,7,44,3,185
1582,361,1,145,5,81
1583,495,1,61,3,26
1584,82,3,163,3,131
1585,208,4,99,6,197
1586,379,4,51,7,199
1587,68,2,18,2,45
1588,346,1,108,1,173
1589,276,3,43,3,38
1590,243,4,6,4,28
1591,160,3,171,1,80
1592,497,8,116,4,39
1593,234,1,67,4,125
1594,454,2,33,1,69
1595,398,7,193,1,100
1596,459,4,68,7,169
1597,230,8,54,4,160
1598,337,3,9,2,159
1599,51,6,41,7,29
1600,177,9,40,5,84
1601,304,1,196,6,177
1602,324,1,121,5,27
1603,448,8,137,2,168
1604,496,3,9,7,41
1605,305,5,101,6,37
1606,163,1,187,7,195
1607,443,5,127,1,191
1608,38,6,178,6,28
1609,37,8,148,4,73
1610,276,3,135,5,45
1611,97,3,192,6,113
1612,390,9,91,4,119
1613,194,4,112,7,45
1614,213,4,77,2,53
1615,495,7,84,6,27
1616,132,2,29,4,157
1617,133,8,48,7,67
1618,241,6,8,7,126
1619,185,3,144,7,73
1620,454,9,68,2,187
1621,338,5,57,1,138
1622,151,8,184,2,162
1623,404,7,61,2,100
1624,283,8,51,5,165
1625,432,7,188,7,115
1626,74,3,39,4,121
1627,378,2,165,6,170
1628,150,7,170,5,81
1629,307,3,62,7,65
1630,285,3,146,3,106
1631,477,2,49,2,118
1632,486,4,160,3,58
1633,385,8,140,7,162
1634,181,1,77,5,72
1635,399,1,96,4,99
1636,106,5,189,5,35
1637,74,5,42,4,123
1638,495,1,176,4,89
1639,307,6,35,7,160
1640,197,1,121,1,127
1641,410,5,107,7,66
1642,368,9,9,2,28
1643,27,5,94,5,53
1644,340,6,5,4,176
1645,332,8,56,7,184
1646,266,1,128,7,190
1647,342,2,70,5,105
1648,491,9,185,5,134
1649,490,3,20,4,83
1650,462,6,91,6,171
1651,274,5,126,3,53
1652,347,2,79,2,195
1653,73,7,55,2,31
1654,268,4,115,6,170
1655,258,1,147,1,116
1656,248,4,181,6,140
1657,86,6,24,1,160
1658,70,7,155,1,106
1659,116,7,4,6,121
1660,111,7,119,2,115
1661,283,3,20,3,192
1662,437,6,17,2,133
1663,310,8,174,7,66
1664,115,4,197,2,77
1665,107,8,56,2,152
1666,97,2,92,6,140
1667,307,9,18,6,137
1668,139,9,127,7,24
1669,321,8,96,7,115
1670,419,1,192,6,40
1671,471,2,130,2,171
1672,184,6,169,3,147
1673,201,5,20,1,143
1674,488,9,39,5,165
1675,417,5,66,1,40
1676,242,2,152,7,73
1677,330,4,126,7,157
1678,451,9,54,1,171
1679,485,1,179,5,123
1680,26,1,171,2,130
1681,349,7,108,3,135
1682,282,3,97,3,76
1683,180,2,183,1,147
1684,170,9,182,5,170
1685,104,3,111,7,169
1686,166,2,197,4,181
1687,131,8,114,2,139
1688,400,6,116,1,89
1689,422,6,86,3,175
1690,55,7,80,7,114
1691,304,7,65,6,118
1692,207,6,18,6,186
1693,101,4,134,5,61
1694,21,9,117,5,170
1695,404,6,190,1,89
1696,322,4,41,4,21
1697,216,3,41,3,171
1698,423,4,58,1,164
1699,30,3,19,4,128
1700,253,2,72,7,84
1701,405,5,16,5,89
1702,214,2,26,6,88
1703,490,6,174,2,140
1704,138,3,1,7,128
1705,415,6,62,6,79
1706,39,9,61,3,197
1707,280,1,99,3,112
1708,312,6,18,6,31
1709,441,9,16,7,122
1710,275,4,68,6,194
1711,241,2,166,4,131
1712,412,4,116,1,84
1713,245,1,198,5,174
1714,72,3,80,4,67
1715,447,9,38,2,107
1716,374,5,35,6,81
1717,361,6,167,2,63
1718,383,3,172,2,166
1719,299,5,131,4,155
1720,100,8,152,5,74
1721,221,6,196,7,127
1722,177,4,157,3,66
1723,139,2,195,1,21
1724,78,9,28,3,132
1725,234,1,195,5,186
1726,147,1,50,3,192
1727,243,4,151,6,179
1728,228,7,13,6,185
1729,389,1,68,4,30
1730,134,9,145,2,157
1731,228,4,169,5,131
1732,33,3,56,5,109
1733,28,1,11,3,74
1734,59,4,16,4,167
1735,469,9,29,3,36
1736,256,6,87,3,87
1737,300,6,98,5,152
1738,378,1,22,3,170
1739,220,2,128,2,193
1740,265,6,78,3,71
1741,297,2,31,2,157
1742,254,3,8,5,193
1743,23,4,14,4,175
1744,173,5,155,6,116
1745,461,9,151,2,190
1746,48,4,187,4,173
1747,128,9,162,4,67
1748,117,3,26,2,48
1749,234,8,108,5,46
1750,312,1,75,1,165
1751,94,9,147,4,123
1752,345,9,64,4,79
1753,165,2,176,5,125
1754,147,4,108,5,88
1755,360,8,128,3,133
1756,61,7,9,5,40
1757,375,1,46,4,171
1758,60,5,122,2,121
1759,441,7,58,1,150
1760,53,4,95,7,114
1761,36,1,189,3,124
1762,184,9,102,7,144
1763,172,5,123,2,21
1764,397,2,85,1,85
1765,95,8,145,1,132
1766,106,2,111,1,189
1767,136,3,173,6,181
1768,381,1,159,2,61
1769,361,2,26,3,39
1770,488,7,17,3,116
1771,46,2,166,1,87
1772,332,6,176,2,192
1773,306,3,81,6,94
1774,153,4,171,1,144
1775,238,8,71,5,189
1776,187,3,53,7,66
1777,117,6,161,3,24
1778,287,1,70,7,68
1779,256,7,163,4,143
1780,328,8,145,1,56
1781,474,8,37,5,181
1782,413,3,186,3,165
1783,192,1,136,7,38
1784,420,9,199,6,59
1785,429,6,178,2,36
1786,488,9,34,3,118
1787,495,7,81,7,112
1788,209,1,132,2,61
1789,141,1,141,7,142
1790,65,6,157,2,126
1791,83,5,3,6,91
1792,149,9,166,6,84
1793,329,2,191,1,128
1794,382,8,152,1,72
1795,212,5,155,3,154
1796,326,2,193,6,152
1797,200,6,149,5,43
1798,311,8,158,7,47
1799,390,4,22,7,81
1800,301,2,47,7,36
1801,48,5,147,3,39
1802,168,2,124,7,22
1803,286,2,165,4,184
1804,315,6,54,2,162
1805,30,9,67,7,70
1806,183,4,87,2,195
1807,132,6,0,1,155
1808,206,7,134,7,160
1809,314,6,184,5,195
1810,251,8,94,6,22
1811,246,4,139,6,92
1812,329,1,105,1,178
1813,117,7,132,4,124
1814,74,3,107,3,137
1815,130,6,177,3,173
1816,171,2,41,5,53
1817,265,9,101,1,156
1818,425,1,123,1,81
1819,88,6,139,4,139
1820,331,6,102,7,134
1821,308,5,145,3,32
1822,269,5,193,7,88
1823,55,1,73,1,188
1824,258,5,107,7,96
1825,167,2,121,6,20
1826,486,7,16,5,108
1827,246,3,195,3,66
1828,263,4,70,4,23
1829,356,3,61,5,199
1830,465,3,40,2,29
1831,384,4,118,6,47
1832,220,5,161,4,140
1833,173,1,197,5,145
1834,469,4,44,1,153
1835,92,8,57,2,174
1836,220,7,178,4,159
1837,315,9,125,1,81
1838,36,5,161,6,199
1839,148,4,43,2,195
1840,236,8,14,3,86
1841,80,9,77,1,193
1842,446,7,69,5,93
1843,123,7,177,7,114
1844,61,5,100,4,162
1845,44,4,159,2,55
1846,58,1,194,1,161
1847,310,7,2,3,131
1848,150,1,85,7,150
1849,248,1,73,4,132
1850,127,5,50,4,129
1851,191,9,66,1,133
1852,454,6,75,3,86
1853,497,3,92,6,145
1854,121,3,175,7,105
1855,373,7,144,6,38
1856,31,6,6,2,88
1857,294,9,12,1,29
1858,120,6,119,7,180
1859,63,5,65,2,160
1860,462,7,3,6,147
1861,324,1,137,7,118
1862,464,7,87,4,198
1863,36,3,16,2,51
1864,349,9,51,3,131
1865,76,6,133,5,43
1866,330,9,68,6,54
1867,322,5,136,6,102
1868,31,7,20,3,89
1869,337,4,23,7,187
1870,99,7,3,7,128
1871,235,1,151,7,191
1872,358,7,186,2,118
1873,283,8,2,1,52
1874,498,5,67,4,75
1875,168,2,100,5,183
1876,100,5,167,1,166
1877,234,6,175,1,190
1878,393,2,53,3,31
1879,483,6,34,2,30
1880,217,6,55,6,89
1881,219,1,107,6,159
1882,44,1,39,3,60
1883,485,3,67,2,172
1884,108,3,45,3,125
1885,287,4,77,6,22
1886,162,2,140,1,22
1887,78,9,154,4,103
1888,429,7,5,7,175
1889,384,7,16,2,170
1890,45,6,163,5,195
1891,66,3,98,5,189
1892,307,6,80,1,126
1893,285,8,1,3,187
1894,35,8,76,3,153
1895,218,9,179,6,39
1896,420,1,65,1,158
1897,426,1,51,6,115
1898,301,3,91,6,143
1899,488,3,170,5,174
1900,105,8,21,6,40
1901,269,1,110,7,133
1902,410,2,106,6,32
1903,289,2,182,5,105
1904,354,3,66,7,54
1905,136,6,187,3,66
1906,26,1,185,2,175
1907,156,2,139,4,168
1908,390,1,68,6,165
1909,195,5,83,7,178
1910,347,7,102,2,144
1911,334,8,38,5,129
1912,234,1,12,2,56
1913,496,7,40,4,40
1914,101,5,56,2,33
1915,242,1,180,7,110
1916,497,3,11,2,79
1917,391,7,12,2,143
1918,442,1,119,2,42
1919,421,7,96,1,130
1920,462,5,56,6,143
1921,122,1,39,5,176
1922,292,1,117,4,194
1923,33,1,79,5,49
1924,178,9,127,1,134
1925,171,3,172,1,109
1926,127,5,34,7,57
1927,207,9,2,1,102
1928,320,6,119,6,46
1929,117,9,4,1,123
1930,150,8,10,2,135
1931,312,8,125,5,34
1932,190,1,70,3,22
1933,443,9,116,4,29
1934,493,6,183,1,139
1935,202,9,137,5,164
1936,490,3,105,7,147
1937,383,3,115,1,30
1938,58,6,161,6,195
1939,34,9,66,1,152
1940,395,7,199,1,88
1941,23,3,30,1,83
1942,368,3,74,7,33
1943,489,2,70,1,69
1944,428,9,65,4,173
1945,416,3,69,5,91
1946,229,5,40,6,88
1947,180,9,190,1,154
1948,35,8,159,1,146
1949,445,2,19,1,35
1950,127,3,184,1,97
1951,401,2,177,2,120
1952,469,8,152,2,75
1953,330,6,139,3,124
1954,246,6,198,1,151
1955,189,9,38,3,67
1956,53,8,144,4,36
1957,433,4,44,3,130
1958,270,4,138,5,183
1959,266,9,69,2,89
1960,288,1,124,2,99
1961,160,2,150,1,112
1962,293,2,90,1,57
1963,435,6,69,4,120
1964,115,4,165,6,81
1965,246,3,129,4,140
1966,398,3,83,5,67
1967,58,3,88,1,29
1968,321,6,78,1,55
1969,48,8,112,4,176
1970,465,7,92,4,23
1971,496,4,71,4,63
1972,337,4,164,2,75
1973,264,2,48,3,61
1974,255,1,51,3,133
1975,204,9,32,1,160
1976,291,2,21,2,193
1977,459,8,113,4,180
1978,255,9,132,1,40
1979,258,4,17,2,98
1980,396,8,165,5,88
1981,285,9,117,6,89
1982,433,5,116,2,86
1983,428,7,36,7,67
1984,378,4,63,1,180
1985,359,1,137,3,55
1986,408,3,78,7,180
1987,84,5,169,4,178
1988,497,3,122,6,168
1989,196,7,175,5,46
1990,22,9,43,6,91
1991,448,6,81,6,120
1992,161,1,86,2,115
1993,395,7,15,1,147
1994,177,3,53,1,45
1995,343,5,101,6,85
1996,165,4,162,4,159
1997,465,5,97,1,41
1998,312,5,155,6,36
1999,172,6,1,1,26
2000,451,6,93,4,126
2001,212,8,140,5,87
2002,456,8,168,7,147
2003,482,9,58,6,56
2004,92,8,68,3,57
2005,418,2,118,3,115
2006,324,1,91,6,158
2007,396,2,180,2,20
2008,363,2,44,5,172
2009,471,3,147,2,61
2010,159,7,23,7,199
2011,206,2,188,3,171
2012,312,1,90,4,82
2013,80,6,93,6,100
2014,446,9,57,7,27
2015,399,3,154,1,192
2016,217,6,153,3,46
2017,314,3,127,5,71
2018,459,1,6,3,165
2019,338,5,169,5,110
2020,321,4,46,5,105
2021,363,7,52,6,35
2022,30,6,186,5,85
2023,81,7,37,2,24
2024,352,5,196,7,101
2025,245,4,52,4,150
2026,172,7,142,3,137
2027,218,7,153,4,100
2028,71,6,47,7,89
2029,279,8,94,1,134
2030,78,4,146,7,26
2031,91,5,136,3,69
2032,167,4,63,4,161
2033,368,1,92,4,185
2034,82,8,181,6,130
2035,329,1,124,6,66
2036,392,5,178,7,131
2037,262,6,38,7,180
2038,385,6,3,1,62
2039,349,5,125,5,110
2040,126,3,2,3,48
2041,245,5,63,6,147
2042,332,8,28,3,152
2043,237,2,115,1,115
2044,444,6,10,6,136
2045,260,9,96,6,89
2046,278,8,101,5,149
2047,395,8,185,3,89
2048,281,8,154,3,129
2049,24,7,20,3,190
2050,280,8,38,5,151
2051,73,6,101,6,75
2052,66,2,45,1,108
2053,234,2,65,3,156
2054,196,8,90,4,150
2055,28,1,163,5,195
2056,118,6,110,2,190
2057,39,6,81,1,119
2058,397,4,122,4,148
2059,260,3,192,3,76
2060,80,3,190,2,163
2061,398,1,98,1,70
2062,438,3,34,5,131
2063,197,4,158,2,123
2064,357,5,155,6,146
2065,81,3,102,7,74
2066,164,6,128,2,20
2067,235,5,24,7,109
2068,22,3,42,4,175
2069,179,6,83,1,72
2070,246,6,194,4,92
2071,288,8,190,4,127
2072,139,2,50,3,169
2073,400,1,129,5,27
2074,108,4,125,2,196
2075,348,7,191,1,61
2076,87,3,68,6,174
2077,417,3,8,5,186
2078,376,5,1,5,44
2079,117,5,161,1,57
2080,286,3,187,5,104
2081,124,9,188,3,171
2082,459,4,158,5,43
2083,342,3,9,3,79
2084,142,2,113,2,197
2085,495,9,75,2,130
2086,48,4,163,4,85
2087,156,3,84,3,161
2088,214,7,48,6,72
2089,428,8,69,2,179
2090,245,2,176,5,125
2091,351,7,130,1,115
2092,189,5,132,1,195
2093,28,5,188,7,58
2094,482,3,89,3,187
2095,59,5,25,6,61
2096,44,2,71,4,130
2097,280,4,4,5,123
2098,414,6,14,3,96
2099,462,1,122,7,27
2100,245,4,143,1,45
2101,491,6,0,3,159
2102,143,9,143,5,62
2103,482,2,164,6,198
2104,57,7,2,6,129
2105,347,6,179,2,119
2106,270,2,46,5,82
2107,408,8,94,7,68
2108,195,7,12,2,134
2109,109,5,119,2,174
2110,421,5,54,2,156
2111,473,7,148,3,186
2112,56,9,65,7,84
2113,335,9,181,1,90
2114,195,9,154,6,26
2115,480,6,165,3,99
2116,303,6,89,1,86
2117,472,3,185,6,157
2118,480,1,61,7,120
2119,100,7,101,7,114
2120,133,4,173,5,106
2121,59,1,138,6,110
2122,320,8,199,6,122
2123,243,6,7,7,145
2124,337,6,96,6,174
2125,368,2,116,4,132
2126,134,1,198,5,23
2127,205,2,63,3,107
2128,342,4,20,3,170
2129,75,2,199,1,195
2130,59,1,114,3,189
2131,373,7,190,2,22
2132,59,8,84,6,110
2133,366,6,191,3,22
2134,480,4,19,1,175
2135,256,6,7,1,100
2136,308,3,57,2,178
2137,281,8,45,1,157
2138,235,2,30,7,196
2139,166,5,92,4,113
2140,355,1,8,7,145
2141,187,6,14,6,132
2142,111,2,93,6,168
2143,372,4,153,6,119
2144,78,6,137,5,72
2145,78,8,28,3,106
2146,323,8,79,4,108
2147,188,6,35,3,73
2148,288,4,83,4,39
2149,382,8,108,3,132
2150,64,8,117,2,68
2151,364,1,36,7,154
2152,200,4,85,1,48
2153,189,4,70,1,67
2154,375,7,150,7,32
2155,210,7,168,2,22
2156,174,8,92,4,21
2157,441,5,79,7,35
2158,207,7,101,5,113
2159,26,8,155,4,121
2160,152,9,175,1,153
2161,254,3,165,5,64
2162,64,3,158,3,90
2163,333,4,13,5,152
2164,268,5,116,4,75
2165,50,1,72,2,146
2166,42,7,90,3,51
2167,445,9,89,4,68
2168,413,8,28,3,32
2169,179,5,178,5,177
2170,382,4,48,1,44
2171,456,7,170,4,79
2172,177,5,71,2,78
2173,58,7,132,7,175
2174,434,1,41,5,77
2175,101,1,134,4,39
2176,375,3,41,2,181
2177,277,2,163,4,152
2178,225,2,104,5,190
2179,96,7,26,4,76
2180,496,2,57,3,73
2181,31,4,45,5,131
2182,314,2,65,4,192
2183,469,6,24,7,105
2184,243,8,72,1,56
2185,32,4,116,4,103
2186,65,5,154,3,67
2187,174,4,128,2,137
2188,132,3,86,7,67
2189,252,5,73,2,131
2190,36,9,169,7,129
2191,379,8,179,2,25
2192,242,8,152,1,181
2193,373,8,181,3,97
2194,207,8,124,5,195
2195,467,7,66,2,42
2196,363,8,5,7,145
2197,384,8,124,3,103
2198,182,8,57,4,32
2199,345,7,69,1,66
2200,486,1,52,3,63
2201,433,4,65,3,124
2202,474,4,57,5,179
2203,93,5,81,3,173
2204,252,6,86,5,33
2205,243,4,1,1,199
2206,338,2,149,1,140
2207,431,6,36,4,55
2208,79,8,147,5,27
2209,354,8,102,5,187
2210,241,7,23,2,169
2211,56,6,111,2,35
2212,496,2,64,4,110
2213,297,7,192,1,139
2214,215,5,128,6,79
2215,423,6,116,2,29
2216,371,8,115,3,172
2217,261,8,104,1,50
2218,343,3,2,6,40
2219,238,7,45,3,100
2220,211,1,54,7,52
2221,36,1,74,5,50
2222,31,7,191,1,168
2223,425,9,44,7,55
2224,420,7,153,4,151
2225,413,5,76,5,87
2226,393,8,192,5,109
2227,212,2,23,3,151
2228,41,9,34,7,28
2229,493,6,23,5,49
2230,139,9,27,2,134
2231,229,2,15,1,64
2232,325,3,58,2,23
2233,289,8,181,3,88
2234,211,1,143,6,42
2235,194,7,14,3,35
2236,304,7,10,1,41
2237,223,1,192,5,91
2238,183,9,78,7,67
2239,270,8,114,7,126
2240,246,4,67,4,152
2241,455,5,42,3,26
2242,400,2,68,1,70
2243,479,9,140,4,84
2244,26,6,137,5,28
2245,48,3,74,6,101
2246,414,7,102,3,64
2247,52,9,40,6,141
2248,153,3,177,1,194
2249,386,2,198,6,171
2250,98,7,58,6,29
2251,435,7,38,1,92
2252,454,4,2,1,67
2253,478,9,6,3,182
2254,77,8,48,6,106
2255,490,1,25,4,130
2256,45,1,160,1,35
2257,449,5,100,5,72
2258,245,6,175,6,59
2259,304,3,78,1,119
2260,23,9,1,4,39
2261,484,6,126,7,88
2262,118,4,198,3,64
2263,416,7,159,6,25
2264,58,8,131,7,196
2265,290,9,19,1,58
2266,394,6,116,1,121
2267,304,6,163,5,149
2268,176,8,31,5,126
2269,94,5,27,6,58
2270,391,3,76,7,137
2271,307,3,0,7,168
2272,149,6,187,1,187
2273,194,2,55,6,101
2274,481,6,34,1,73
2275,103,6,111,5,129
2276,41,8,29,4,31
2277,478,7,53,2,184
2278,46,8,35,2,129
2279,214,9,182,1,57
2280,356,6,79,7,162
2281,401,3,57,5,26
2282,255,3,82,3,97
2283,459,1,64,3,197
2284,111,5,68,2,84
2285,496,4,127,4,121
2286,40,9,50,2,120
2287,322,9,21,1,63
2288,483,5,106,4,50
2289,376,4,108,3,190
2290,462,7,115,7,96
2291,103,6,100,5,67
2292,281,4,180,5,101
2293,166,2,99,1,146
2294,460,1,163,2,103
2295,472,4,67,1,29
2296,406,4,35,5,48
2297,276,1,179,3,67
2298,77,6,180,5,135
2299,399,4,177,4,32
2300,441,1,168,7,191
2301,34,1,145,7,66
2302,181,1,21,6,122
2303,464,8,65,5,110
2304,182,8,20,5,72
2305,339,2,99,7,111
2306,300,7,127,6,96
2307,299,8,43,4,63
2308,31,8,102,2,175
2309,293,7,46,5,21
2310,290,5,38,7,120
2311,227,1,28,1,76
2312,46,9,53,5,76
2313,91,7,89,1,53
2314,79,2,84,4,77
2315,449,6,16,5,199
2316,492,2,79,7,176
2317,164,1,187,4,54
2318,112,7,158,4,94
2319,328,2,72,2,195
2320,27,2,48,5,52
2321,98,5,100,1,134
2322,46,5,1,1,94
2323,193,7,175,5,92
2324,69,1,141,6,97
2325,218,8,58,2,28
2326,406,3,96,2,67
2327,368,4,98,2,86
2328,467,9,185,1,183
2329,447,4,102,4,138
2330,200,5,185,7,191
2331,43,7,178,6,152
2332,335,4,1,2,138
2333,397,1,40,1,105
2334,406,9,122,1,125
2335,423,4,81,4,95
2336,65,9,143,5,59
2337,34,6,131,5,38
2338,172,1,139,7,66
2339,241,3,28,7,84
2340,225,2,134,2,165
2341,474,9,13,7,197
2342,292,1,11,2,49
2343,401,9,98,6,145
2344,255,9,132,7,85
2345,359,8,80,4,24
2346,247,8,105,2,112
2347,28,1,31,4,116
2348,185,8,73,1,189
2349,451,3,170,2,113
2350,463,7,80,1,125
2351,338,1,68,3,152
2352,233,1,44,4,197
2353,136,5,105,3,104
2354,405,5,136,2,77
2355,363,8,176,1,98
2356,91,7,160,2,27
2357,414,8,99,3,178
2358,83,6,145,2,31
2359,224,6,8,6,168
2360,228,2,61,5,113
2361,91,6,184,3,110
2362,296,5,28,2,52
2363,293,3,124,1,173
2364,497,6,113,2,119
2365,339,8,152,1,187
2366,357,9,142,5,34
2367,385,1,133,2,133
2368,114,3,119,7,148
2369,185,3,169,7,30
2370,51,8,156,5,74
2371,30,1,78,3,21
2372,320,5,92,1,84
2373,236,3,3,7,191
2374,308,2,81,6,35
2375,121,8,184,3,169
2376,444,3,176,1,125
2377,411,7,171,5,165
2378,286,1,74,7,194
2379,233,6,13,4,49
2380,198,3,130,2,29
2381,107,8,113,5,81
2382,60,6,61,1,104
2383,420,2,105,1,153
2384,95,6,63,1,86
2385,396,7,101,1,60
2386,65,5,172,2,190
2387,179,3,105,3,37
2388,482,4,185,6,77
2389,99,4,19,4,79
2390,329,6,57,2,107
2391,105,1,111,1,46
2392,111,4,56,2,87
2393,167,4,195,5,41
2394,180,1,118,6,171
2395,221,9,96,1,59
2396,443,4,91,4,128
2397,435,7,51,1,93
2398,261,3,36,6,85
2399,372,3,7,4,187
2400,21,8,43,6,25
2401,244,8,97,4,131
2402,308,1,132,3,37
2403,252,2,117,7,100
2404,480,8,68,3,121
2405,433,1,158,2,129
2406,436,8,44,2,49
2407,96,8,136,4,141
2408,135,2,31,1,168
2409,173,4,32,7,81
2410,425,6,125,5,157
2411,122,9,66,5,139
2412,213,8,29,1,126
2413,185,8,113,1,160
2414,378,7,28,3,95
2415,109,9,130,5,28
2416,193,2,184,4,58
2417,141,3,29,6,43
2418,162,8,136,2,144
2419,125,6,153,6,137
2420,394,9,129,3,53
2421,447,4,61,5,80
2422,324,8,2,7,188
2423,379,3,173,1,152
2424,478,3,67,7,98
2425,336,8,24,7,69
2426,470,5,178,5,151
2427,142,3,140,4,70
2428,409,1,43,3,71
2429,28,3,162,1,141
2430,281,9,54,6,186
2431,92,5,136,4,27
2432,378,2,129,6,132
2433,242,7,188,2,64
2434,435,2,40,3,107
2435,60,4,171,4,47
2436,389,7,63,4,138
2437,223,4,30,6,126
2438,283,7,46,1,46
2439,347,7,129,2,181
2440,197,1,95,6,100
2441,367,6,76,4,120
2442,337,9,109,3,81
2443,103,2,68,4,81
2444,337,3,57,5,185
2445,130,5,105,3,45
2446,270,9,43,3,140
2447,402,4,73,4,43
2448,26,1,55,1,58
2449,478,4,170,3,143
2450,103,6,126,5,40
2451,227,5,161,6,113
2452,407,1,29,1,194
2453,409,4,70,1,134
2454,333,6,197,1,195
2455,41,4,117,3,140
2456,429,9,54,1,32
2457,402,5,66,4,150
2458,22,8,140,1,179
2459,146,9,2,5,182
2460,316,5,25,2,38
2461,207,6,56,5,161
2462,381,1,125,3,195
2463,33,7,151,1,100
2464,478,4,52,1,142
2465,485,2,197,4,87
2466,31,5,42,6,192
2467,106,3,187,1,38
2468,31,6,185,7,83
2469,416,8,48,5,120
2470,44,7,41,3,85
2471,320,3,193,2,85
2472,262,8,10,1,94
2473,141,2,102,2,64
2474,166,9,97,1,106
2475,74,4,145,3,86
2476,257,1,84,6,22
2477,375,8,99,5,185
2478,192,7,103,3,189
2479,411,5,179,2,187
2480,240,5,45,1,197
2481,138,7,43,2,182
2482,328,5,21,5,43
2483,202,8,180,7,107
2484,307,6,186,3,36
2485,326,5,113,2,59
2486,319,9,124,2,191
2487,101,2,123,5,170
2488,473,1,29,7,25
2489,421,8,7,1,168
2490,230,3,97,7,138
2491,169,7,56,2,139
2492,56,8,110,5,54
2493,371,6,72,1,132
2494,331,9,114,7,48
2495,380,7,19,7,26
2496,78,5,24,7,72
2497,150,8,18,6,184
2498,431,2,4,1,42
2499,221,7,74,7,116
2500,262,4,127,6,155
2501,54,9,71,3,95
2502,464,1,154,5,195
2503,112,7,39,7,29
2504,457,6,25,1,136
2505,466,8,26,6,43
2506,226,5,189,6,194
2507,372,1,82,3,58
2508,410,1,127,4,85
2509,351,9,177,5,25
2510,324,6,169,4,40
2511,369,5,156,1,92
2512,232,1,166,5,93
2513,178,6,187,3,55
2514,461,6,168,1,150
2515,464,3,32,5,189
2516,43,8,96,5,192
2517,423,1,110,4,63
2518,312,1,15,1,110
2519,23,6,22,3,180
2520,239,1,134,3,79
2521,383,6,25,1,112
2522,401,1,95,1,102
2523,39,6,11,6,102
2524,463,3,71,2,96
2525,171,8,132,4,45
2526,69,6,105,1,40
2527,196,1,116,1,139
2528,454,5,196,2,149
2529,115,8,176,2,194
2530,124,3,25,5,127
2531,439,6,132,7,177
2532,269,5,21,3,46
2533,136,6,12,4,90
2534,373,1,155,5,167
2535,247,7,160,1,69
2536,85,9,106,2,114
2537,354,2,22,6,42
2538,437,5,96,3,160
2539,439,4,17,5,100
2540,281,6,116,6,151
2541,314,6,29,3,161
2542,445,2,25,7,39
2543,262,2,143,7,143
2544,390,4,38,6,32
2545,205,1,160,2,22
2546,265,9,153,5,194
2547,144,7,175,5,150
2548,287,7,192,7,148
2549,150,3,165,3,109
2550,256,3,129,6,171
2551,37,1,112,2,54
2552,59,3,133,1,33
2553,40,3,45,5,160
2554,418,4,49,1,194
2555,244,4,165,2,69
2556,374,3,105,7,97
2557,301,8,145,5,173
2558,27,8,154,5,22
2559,119,1,168,6,198
2560,259,7,71,1,59
2561,497,2,73,7,183
2562,106,1,16,6,70
2563,317,3,189,4,20
2564,447,4,156,1,123
2565,33,6,185,1,180
2566,353,5,69,4,154
2567,21,4,149,2,136
2568,394,8,5,2,135
2569,312,4,25,5,71
2570,344,2,166,3,139
2571,441,3,139,6,158
2572,60,6,98,3,174
2573,337,8,141,5,161
2574,335,8,21,3,105
2575,400,9,50,1,65
2576,130,7,150,1,95
2577,33,2,175,4,29
2578,250,8,198,4,171
2579,492,7,103,5,80
2580,103,8,177,5,37
2581,149,3,88,7,105
2582,250,7,140,5,156
2583,345,9,137,1,164
2584,164,3,182,3,147
2585,398,6,8,6,123
2586,364,2,78,7,160
2587,47,2,51,7,197
2588,85,5,129,7,120
2589,182,5,152,5,25
2590,248,7,12,5,104
2591,280,2,50,1,70
2592,468,7,185,6,55
2593,443,5,33,1,90
2594,479,6,34,6,119
2595,459,8,130,1,44
2596,183,4,119,3,158
2597,320,7,186,5,63
2598,426,6,69,2,33
2599,322,2,175,2,48
2600,306,8,191,5,93
2601,414,9,146,7,69
2602,29,5,66,5,24
2603,214,4,102,5,129
2604,137,6,72,5,141
2605,289,8,115,7,107
2606,99,3,132,6,76
2607,477,1,66,3,45
2608,112,4,138,2,25
2609,285,4,120,4,163
2610,351,1,93,2,79
2611,369,9,195,2,119
2612,380,3,196,7,31
2613,276,5,128,1,94
2614,152,6,90,5,22
2615,295,8,91,5,82
2616,283,6,62,5,153
2617,190,3,28,1,38
2618,479,6,11,7,37
2619,20,1,76,3,99
2620,332,4,40,3,190
2621,83,6,129,7,92
2622,393,7,36,4,150
2623,487,3,172,3,145
2624,303,9,175,7,91
2625,140,7,23,3,57
2626,126,1,98,5,87
2627,440,2,149,6,191
2628,194,1,99,7,99
2629,223,9,138,2,61
2630,184,9,57,3,83
2631,324,7,173,3,97
2632,139,3,28,1,146
2633,63,5,162,4,124
2634,331,4,142,6,95
2635,175,7,59,1,184
2636,386,9,94,5,151
2637,226,2,41,2,149
2638,409,8,42,4,141
2639,127,9,73,1,63
2640,270,9,176,7,121
2641,464,7,191,3,81
2642,423,9,159,3,20
2643,389,9,63,4,36
2644,353,3,1,3,35
2645,149,4,151,7,28
2646,476,2,65,1,78
2647,312,3,165,1,138
2648,39,5,30,3,156
2649,301,5,114,3,159
2650,304,6,25,5,138
2651,20,7,28,2,60
2652,138,7,194,4,162
2653,54,1,77,1,85
2654,217,2,24,4,94
2655,264,9,47,5,30
2656,78,2,64,1,27
2657,344,6,180,5,153
2658,180,1,66,5,167
2659,198,3,89,6,186
2660,225,2,145,3,118
2661,31,3,136,7,91
2662,295,5,37,6,132
2663,200,6,86,4,126
2664,261,9,148,7,53
2665,235,4,64,4,76
2666,270,7,148,3,136
2667,318,6,26,7,139
2668,145,2,105,6,166
2669,236,8,122,4,90
2670,325,7,197,6,178
2671,304,7,43,3,59
2672,204,8,99,7,161
2673,58,1,27,7,122
2674,242,1,172,1,143
2675,203,8,16,5,142
2676,446,4,126,5,119
2677,197,5,122,6,184
2678,426,8,167,7,191
2679,447,5,130,4,156
2680,313,4,75,6,77
2681,359,6,193,6,167
2682,170,5,45,2,128
2683,403,7,157,7,140
2684,145,7,68,5,111
2685,320,4,136,7,69
2686,327,5,84,3,167
2687,355,3,10,6,124
2688,453,4,68,2,183
2689,253,4,98,2,136
2690,399,3,90,5,46
2691,394,5,193,5,51
2692,27,5,158,5,20
2693,360,7,160,3,36
2694,148,4,166,2,156
2695,283,4,93,4,103
2696,176,9,173,3,64
2697,371,6,164,1,85
2698,377,4,114,6,51
2699,24,2,187,5,64
2700,105,6,30,2,28
2701,194,2,10,6,49
2702,309,5,86,7,103
2703,212,6,120,3,185
2704,330,4,129,1,79
2705,138,3,104,7,20
2706,237,7,26,3,24
2707,446,2,1,3,82
2708,477,6,102,4,183
2709,433,4,100,6,84
2710,133,6,20,4,97
2711,485,4,57,3,171
2712,164,4,132,1,151
2713,45,4,179,2,133
2714,155,9,172,2,44
2715,322,7,84,7,154
2716,251,3,92,6,160
2717,388,3,19,5,62
2718,95,6,60,5,76
2719,494,6,37,2,183
2720,347,4,147,3,161
2721,364,9,24,3,91
2722,321,4,129,4,46
2723,471,9,120,6,147
2724,308,4,159,4,125
2725,20,2,25,5,184
2726,166,2,197,2,90
2727,306,5,168,7,172
2728,483,4,66,3,86
2729,161,7,0,2,109
2730,72,5,50,1,23
2731,323,6,4,2,125
2732,88,4,12,1,98
2733,380,2,146,4,115
2734,109,9,139,4,112
2735,465,7,47,5,93
2736,239,4,152,2,145
2737,469,3,56,2,35
2738,211,3,114,1,166
2739,473,9,34,4,176
2740,82,5,75,1,135
2741,92,3,93,4,198
2742,180,5,4,1,37
2743,188,2,21,4,191
2744,108,4,102,1,35
2745,195,2,184,7,149
2746,288,2,174,4,75
2747,92,8,181,6,98
2748,264,1,130,1,122
2749,96,7,123,2,47
2750,178,5,52,5,24
2751,478,8,158,6,125
2752,343,1,68,6,41
2753,117,7,103,1,136
2754,400,5,160,5,119
2755,121,4,199,2,32
2756,151,7,177,6,84
2757,121,2,15,2,163
2758,38,1,115,4,105
2759,473,1,75,7,83
2760,101,1,108,5,51
2761,416,5,38,7,99
2762,298,7,88,3,70
2763,358,2,173,4,98
2764,384,8,111,5,193
2765,350,4,46,1,199
2766,148,3,171,7,125
2767,363,8,136,1,82
2768,329,2,127,2,95
2769,474,3,177,6,79
2770,108,3,76,7,84
2771,232,1,187,3,136
2772,162,6,14,1,100
2773,84,2,35,5,124
2774,95,1,62,7,147
2775,218,2,68,7,90
2776,162,6,168,6,105
2777,424,4,73,6,173
2778,422,6,23,5,159
2779,335,9,48,6,90
2780,112,8,145,1,65
2781,492,1,6,5,66
2782,436,8,3,5,98
2783,324,9,89,2,185
2784,243,6,196,3,168
2785,310,5,59,7,161
2786,447,6,54,2,149
2787,121,6,15,3,146
2788,493,9,28,5,128
2789,286,4,150,7,138
2790,374,2,13,6,120
2791,475,9,78,3,180
2792,129,2,176,5,25
2793,481,9,32,5,145
2794,349,2,152,2,122
2795,469,8,20,2,56
2796,449,9,144,6,161
2797,284,9,22,4,56
2798,22,9,56,1,27
2799,104,2,185,4,96
2800,301,4,141,4,160
2801,347,7,92,7,59
2802,323,2,19,7,126
2803,469,1,157,6,111
2804,473,3,18,7,37
2805,431,4,180,3,76
2806,136,8,102,6,102
2807,240,6,183,6,185
2808,173,2,76,5,51
2809,172,9,150,5,44
2810,31,2,189,5,52
2811,152,5,32,1,107
2812,323,4,17,3,177
2813,312,7,72,3,123
2814,482,8,160,5,53
2815,319,5,159,4,121
2816,247,5,188,1,146
2817,290,2,181,4,88
2818,62,8,16,2,195
2819,451,2,18,3,59
2820,362,6,69,3,198
2821,345,8,119,4,99
2822,321,6,100,1,160
2823,383,4,33,3,50
2824,398,4,83,4,135
2825,446,6,152,6,186
2826,40,4,195,6,82
2827,426,8,73,7,67
2828,126,9,87,1,106
2829,355,1,84,4,67
2830,322,4,10,7,80
2831,136,4,90,6,159
2832,143,2,143,1,97
2833,418,6,188,7,37
2834,300,3,126,5,174
2835,311,7,112,1,47
2836,222,5,79,2,99
2837,70,4,6,5,199
2838,290,5,15,7,35
2839,343,8,15,4,96
2840,296,3,167,5,156
2841,160,7,11,5,45
2842,489,6,34,7,47
2843,294,1,20,4,124
2844,309,7,177,4,96
2845,353,7,170,6,183
2846,400,1,16,2,28
2847,471,9,31,4,194
2848,392,6,40,3,70
2849,71,2,133,3,95
2850,46,5,26,2,141
2851,176,4,147,1,51
2852,258,7,152,7,76
2853,175,8,65,1,73
2854,310,1,136,3,135
2855,155,5,91,4,163
2856,163,3,180,2,81
2857,125,1,60,1,103
2858,439,3,165,1,75
2859,177,6,2,7,42
2860,165,7,197,5,36
2861,21,8,102,3,185
2862,452,4,54,4,177
2863,96,3,0,2,97
2864,151,5,100,1,41
2865,109,9,197,7,127
2866,364,6,44,5,36
2867,369,9,174,3,34
2868,478,6,25,3,133
2869,282,2,120,7,67
2870,370,5,141,2,179
2871,127,9,181,1,132
2872,93,8,198,2,187
2873,58,7,45,7,116
2874,416,1,121,7,110
2875,178,4,30,2,35
2876,90,7,58,6,175
2877,466,7,28,5,117
2878,331,6,105,3,130
2879,260,8,16,6,20
2880,445,6,141,4,60
2881,464,3,163,3,67
2882,317,4,185,3,178
2883,459,3,23,5,183
2884,55,1,108,4,127
2885,103,5,190,1,180
2886,471,1,90,4,180
2887,393,1,24,1,122
2888,282,2,186,4,147
2889,329,4,31,2,170
2890,404,6,115,7,49
2891,191,8,81,4,64
2892,395,3,109,6,99
2893,192,1,145,6,58
2894,381,3,36,5,64
2895,66,3,25,7,97
2896,398,5,136,7,100
2897,160,4,63,1,159
2898,394,4,71,3,112
2899,425,9,147,5,51
2900,137,7,181,6,43
2901,296,4,105,6,135
2902,233,3,85,1,32
2903,239,6,157,6,167
2904,412,3,52,6,98
2905,45,6,91,1,75
2906,28,9,98,6,72
2907,290,6,190,3,87
2908,29,4,10,2,53
2909,491,5,30,5,47
2910,397,6,176,3,69
2911,140,3,99,3,149
2912,144,8,86,2,130
2913,189,4,146,7,113
2914,91,8,139,5,173
2915,171,3,14,3,198
2916,227,7,158,6,66
2917,68,9,170,2,45
2918,173,4,100,7,103
2919,366,8,164,5,125
2920,312,3,28,4,111
2921,87,7,113,1,139
2922,69,3,106,6,94
2923,171,7,153,2,141
2924,38,6,107,1,170
2925,119,2,129,7,184
2926,79,3,83,7,60
2927,186,6,14,4,71
2928,221,4,131,3,101
2929,364,6,49,3,196
2930,165,1,165,5,174
2931,422,1,22,2,153
2932,183,3,58,2,93
2933,477,8,89,7,85
2934,458,8,114,5,43
2935,261,4,74,1,185
2936,88,6,155,3,47
2937,194,8,193,3,175
2938,68,7,122,7,136
2939,127,7,135,2,133
2940,245,4,156,7,80
2941,180,9,138,2,193
2942,138,6,17,5,88
2943,168,3,182,4,133
2944,484,5,49,1,94
2945,169,5,141,6,190
2946,451,5,117,4,78
2947,312,8,136,4,149
2948,162,9,138,2,34
2949,438,9,190,2,124
2950,495,6,107,2,184
2951,474,6,66,4,167
2952,179,9,180,7,117
2953,30,4,166,1,54
2954,157,6,77,7,181
2955,476,4,183,2,50
2956,97,1,155,3,146
2957,96,7,74,7,38
2958,460,6,38,1,43
2959,273,9,24,3,103
2960,428,7,20,1,186
2961,277,7,137,2,111
2962,339,2,170,7,186
2963,310,9,14,6,164
2964,282,9,47,5,166
2965,104,6,85,2,137
2966,165,3,148,4,195
2967,342,1,187,6,182
2968,61,4,115,4,179
2969,393,3,49,1,194
2970,144,1,150,4,66
2971,186,3,140,6,193
2972,444,4,68,6,122
2973,260,8,3,2,140
2974,478,9,77,3,182
2975,299,3,199,2,113
2976,207,6,8,1,164
2977,321,5,120,4,61
2978,38,6,114,3,130
2979,87,4,162,7,48
2980,237,6,100,5,143
2981,121,7,148,6,36
2982,61,9,185,3,33
2983,307,7,145,7,171
2984,186,6,96,3,69
2985,128,1,199,2,76
2986,55,2,80,7,123
2987,251,1,42,5,58
2988,248,9,94,6,115
2989,372,9,5,1,55
2990,183,7,66,1,133
2991,406,2,139,3,56
2992,92,6,99,7,33
2993,155,4,11,3,174
2994,372,1,65,4,142
2995,398,1,1,5,102
2996,89,5,142,6,178
2997,444,2,150,3,92
2998,215,4,156,4,121
2999,288,1,80,7,100
3000,68,4,134,5,102
